Word,Frequency
Rains,1
Vada,1
Pav,1
Pure,1
Love,1
OUT,1
TOMORROW,1
AT,1
pm,1
on,18
the,94
YouTube,12
channel,4
Restaurant,2
style,8
Chilli,2
Chicken,2
by,7
Chef,4
sanjyotkeerHere,1
my,24
way,4
of,44
cooking,4
delicious,8
restaurant,7
like,6
chilli,8
chicken,10
at,18
home,11
The,4
recipe,21
is,34
super,3
simple,2
and,59
requires,2
basic,2
ingredients,3
no,2
fancy,2
sauces,2
or,8
anything,2
&,31
cooks,2
up,10
quickly,2
I,33
personally,2
love,11
to,49
have,20
self,2
dry,2
version,2
as,6
a,50
starter,2
with,21
gravy,2
some,12
egg,8
fried,7
rice,6
crispy,5
butter,2
naan,2
yes,2
you,32
heard,2
it,33
right,3
This,5
combination,3
tastes,3
amazing,17
You,2
could,2
also,6
prep,4
roll,2
roomali,2
roti,4
enjoy,3
this,33
appetizer,2
Do,5
try,8
let,8
me,10
know,8
in,46
comments,3
Cheers#recipe,3
My,2
latest,1
video,11
out,21
now,16
Check,5
Here,2
Whatâ€™s,3
guys,7
New,5
live,1
Lasooni,2
Palak,1
Khichdi,1
Link,4
bio,1
palak,1
khichdi,1
famous,4
incredible,5
healthy,1
too,3
served,1
along,2
cucumber,1
raita,1
itâ€™s,2
perfect,1
meal,2
for,38
gloomy,1
weather,1
Try,1
comforting,1
how,9
did,4
Veg,5
Triple,2
Schezwan,1
Fried,1
Rice,2
Recipe,2
Itâ€™s,6
an,7
check,1
schezwan,4
one,10
most,7
ordered,2
Desi,2
Chinese,3
delicacies,1
prepped,4
from,11
scratch,1
havenâ€™t,1
used,6
store,1
bought,1
sauce,4
rather,1
hole,1
made,4
red,1
paste,1
just,10
any,4
kitchen,3
Crispy,1
Manchurian,1
balls,1
noodles,1
knowCheers#chinesefood,1
Raj,4
Kachori,2
sanjyotkeerItâ€™s,1
chaat,2
day,8
YFL,2
kachori,4
today,5
really,3
am,2
sure,2
will,9
shared,2
chutney,4
recipes,2
so,14
can,7
prepare,2
all,17
components,4
suddenly,2
remember,2
having,4
raj,2
grade,2
tuition,2
brakes,2
below,2
classes,2
Mumbai,7
Those,2
were,5
days,3
Enjoy,3
Cheers,4
Video,1
Grill,3
Sandwich,3
sanjyotkeerWhatâ€™s,1
loved,2
street,4
foods,2
two,3
important,3
are,10
sandwich,7
masala,2
shown,2
these,8
easily,2
Also,2
usually,2
grill,6
grilled,2
using,2
machine,2
pan,2
plate,2
trick,3
cook,3
perfectly,2
crisp,2
which,5
your,11
going,3
So,2
donâ€™t,2
need,3
special,2
equipment,2
turn,2
Hereâ€™s,1
another,1
Streetfood,1
recreated,1
Cooker,1
Pulao,1
sanjyotkeer,1
Woww,1
Just,2
finished,2
eating,3
South,2
Indian,4
banana,2
leaf,2
feast,3
Kuala,2
Lumpur,2
balasbananaleaf,2
It,4
was,9
honour,5
meet,1
fazleyyaakob,1
who,3
won,1
Masterchef,1
Celebrity,1
Malaysia,14
him,1
explain,1
about,3
food,9
well,3
He,1
showed,1
us,4
their,3
mutton,1
leg,1
curry,3
favourite,4
dishes,4
And,8
be,9
coming,2
soon,3
Ting,1
often,1
go,5
balas,1
feasts,1
flavour,2
Hope,3
you're,1
doing,4
safe,1
nice,3
Biggest,1
Roti,1
making,6
world,11
Went,3
lunch,3
KayuNasi,1
Kandar,1
must,2
eat,5
full,9
huge,2
kayunasikandar,1
mid,2
craving,2
Sooo,1
deliciousWent,1
Mixed,1
extreme,1
salted,5
burger,4
factory,1
watch,5
myburgerlabThese,1
might,1
burgers,5
goes,2
myburgerlab,2
we,11
lucky,2
able,3
hope,3
Incredible,1
Noodle,1
Skills,1
Roberts,1
Char,2
Kuay,2
TeowIt,1
feels,1
good,5
back,6
outside,1
again,5
After,1
months,2
indoors,2
due,1
semilockdown,1
first,2
course,1
noodle,2
dish,2
char,1
kuay,1
teow,1
Malaysian,2
Full,2
yolk,1
spicy,2
chili,1
leaves,1
milk,1
ginger,1
garlic,1
A,1
pure,1
Seriously,1
much,6
them,2
bunch,1
during,1
lockdown,2
came,1
ate,1
watched,1
process,1
vid,1
Not,1
sponsored,2
hit,2
M,2
subs,2
YouTubeJust,1
exciting,2
excited,1
explore,2
It's,2
been,4
while,1
since,1
we've,1
posted,1
but,6
news,1
here,6
KL,2
share,1
what,2
find,3
next,1
few,3
weeks,1
can't,2
wait,2
that,7
bite,1
Teow,1
after,2
durian,1
rendang,1
canai,1
more,1
years,3
ago,1
had,2
crazy,1
dream,1
travel,2
around,4
make,1
videos,3
goal,1
showing,1
friendly,2
people,2
through,3
bring,1
little,2
bit,1
closer,1
together,3
positive,3
content,1
think,1
I'll,1
whole,1
life,3
joining,1
adventure,1
showcase,1
million,1
subscribers,1
believe,1
has,2
journey,1
thank,2
being,1
part,3
Happy,2
Year,2
foodrangerting,2
put,2
massive,3
evening,1
Amazing,1
selection,1
Cantonese,1
Sichuan,1
sour,1
oil,1
dumplings,1
SO,1
Letâ€™s,3
year,4
Ox,1
where,3
everything,1
gets,2
better,2
pandemic,2
away,1
Usually,1
would,2
fly,1
Guangzhou,1
visit,1
Tingâ€™s,1
family,1
CNY,2
different,3
Weâ€™ve,1
month,1
MCO,1
waiting,2
case,1
numbers,1
drop,1
As,1
throughout,1
taking,1
weâ€™re,1
staying,2
playing,1
our,4
new,2
puppy,1
corgiranger,2
stay,3
everyone,2
youâ€™re,1
great,2
Merry,1
Christmas,1
myself,1
Muffin,1
happiness,1
wishing,1
best,2
normal,1
truly,2
receive,1
certificate,2
appreciation,2
Datoâ€™,1
Sri,1
nancyshukri,1
malaysiatrulyasia,1
What,1
We,2
promotion,1
within,2
own,1
hearts,1
not,2
recognized,2
Tourism,3
photos,1
event,1
never,1
forget,1
grateful,2
very,1
happy,1
living,1
hereWe,1
moved,1
last,1
November,1
before,2
get,1
international,1
borders,1
closed,1
During,1
time,3
showcased,1
many,2
places,1
recently,1
uploading,1
Ultimate,1
Food,1
Road,1
Trip,1
traveling,1
Kota,1
Bharu,1
east,1
coast,1
given,1
we're,1
watching,1
Thanks,1
Hajah,1
Nancy,1
Haji,1
Shukri,1
Frank,1
something,2
ğŸ‡®ğŸ‡¹ğŸ¤Œinthekitchenwfrank,1
storm,1
only,1
he,1
knows,1
howâ€¦,1
Italian,1
ğŸ‡®ğŸ‡¹ğŸ˜³ğŸ¤£ğŸ¤Œ,1
Well,2
bloody,1
big,1
burgerhubuk,1
âš¡âš¡âš¡Tom,1
inspired,1
stripclub_streetfood,1
bomb,1
x,1
Day,2
Aged,1
Smash,1
Patties,1
Bacon,1
Biscoff,2
Spread,1
Biccies,1
Cheese,2
Would,2
give,1
crack,1
ğŸ˜³,1
We're,1
LOADED,1
gyros,1
fries,2
ğŸŸSeasoned,1
handcut,1
loaded,1
choice,1
gyro,1
meat,1
Kefalograviera,1
cheese,1
Saltsa,1
chopped,1
grape,1
tomatoes,1
cucumbers,1
coriander,1
topped,1
Feta,1
crumbles,1
drizzled,1
Housemade,1
SauceğŸ“,1
lovengyrosğŸŒ‡,1
Miami,1
Wynwood,1
FLğŸ¥,1
foodyfetish,1
ğŸ„Tag,1
lova,1
lovers,1
With,2
showkitchen,1
How,2
start,1
ğŸ¤·ğŸ½,2
do,2
steak,1
ğŸ¤£,1
National,1
Corn,1
Cob,1
ğŸŒ½ğŸ’ƒğŸ½,1
holagato,1
Weâ€™re,1
faruk_cheff,1
tuna,2
ğŸŸFaruk,1
expertly,1
cuts,1
then,1
makes,1
number,1
favorite,1
Now,2
thatâ€™s,1
into,1
beans,1
ğŸ¤£Would,1
ğŸ¤·ğŸ½With,1
rheatries,1
Coffee,1
chemistryWe,1
brew,1
lodimimini,1
Could,1
long,1
morning,1
coffee,1
ğŸ¤·ğŸ½ğŸ˜³,1
Follow,9
barmicasa,1
doni_daze,1
tartas_a_la_carta,1
ig,6
wc_coco,1
ğŸ‘ŒğŸ‘Œ,1
lafoodbywan,1
ğŸ’–ğŸ’œ,1
foodie_lovers_,1
wakameksa,1
ğŸ¥°ğŸ¥°,1
theshateleexperience,1
â˜ºğŸ¥°,1
snapitjoe,1
thibakery,1
Famous,1
Sev,1
IndoreğŸ¤©ğŸ¤©Watch,1
bioğŸ¤—ğŸ¤—#foodieincarnate,3
Agra's,1
Panchi,4
PethağŸ’šYou,1
pictures,1
Petha,4
lot,1
blogger's,1
pages,1
if,1
they,2
telling,1
buy,2
Agra,5
because,1
there,1
atleast,1
outlets,2
named,2
People,2
fake,1
later,1
don't,1
taste,2
mark,1
started,2
s,1
small,1
shop,1
Sadar,2
Bazar,2
young,1
man,1
Pancham,1
Lal,1
Goyal,1
selling,1
sweet,1
pumpkin,1
priced,1
lower,1
than,1
traditional,1
sweets,1
gained,1
popularity,1
became,1
its,2
addition,1
Tajmahal,1
take,1
trip,1
encounter,1
dozen,1
every,1
km,1
But,1
petha,2
original,1
outlet,2
heads,1
shoulders,1
above,1
rest,1
located,1
Buy,1
panchi,1
shopğŸ¤—ğŸ¤—#Foodieincarnate,1
Bakchod,1
ke,1
Chole,1
KulcheğŸ¤­ğŸ¤­Kindly,1
location,3
price,3
other,4
detailsğŸ¤—ğŸ¤—#foodieincarnate,3
Unlimited,1
Golgappe,1
Rs,2
Watch,1
Can,1
guess,1
name,1
property,1
HintsğŸ‘‡ğŸ‘‡â–ªStay,1
Kohinoor,2
Suite,1
costs,2
â‚¹,1
lakh,1
per,2
nightâ–ªRanked,1
Best,1
Resort,1
Hotel,3
Indiaâ–ªRanked,1
nd,1
Most,1
Romantic,1
Indiaâ–ªOnly,1
provides,1
uninterrupted,1
view,1
Taj,1
Mahal,1
roomsWell,1
i,2
didn't,1
suite,2
stayed,1
lakhs,1
night,3
say,1
absurd,1
pay,1
trust,1
totally,1
worth,1
prices,1
charge,1
staycation,1
till,1
date,1
place,1
experience,1
summarized,1
words#Foodieincarnate,1
UNLIMITED,1
DELUXE,1
ThaliğŸ™Kindly,1
Very,2
Pasta,1
Karol,1
BaghğŸ˜³ğŸ˜³Watch,1
Jamun,3
season,1
almost,1
Are,1
jamun,1
loverJamun,1
Black,1
plum,1
summer,1
fruit,1
associated,1
health,1
medicinal,1
benefits,1
known,1
relieve,1
stomach,1
pain,1
carminative,1
antiscorbutic,1
diuretic,1
vinegar,1
reduce,1
enlargement,1
spleen,1
diarrhoea,1
those,1
urine,1
retention,1
problems,1
Jamumâ€™s,1
ployphenolic,1
compounds,1
effective,1
against,1
cancer,1
heart,1
diseases,1
diabetes,1
asthma,1
arthritis,1
summersğŸ¤—ğŸ¤—#foodieincarnate,1
Kung,1
Fu,1
DosağŸ˜³ğŸ˜³Kindly,1
While,1
Instagramming,1
caught,1
eyes,1
saw,1
generous,1
initiative,1
They,1
saluting,1
spirits,1
Covid,1
Heroes,1
come,2
support,1
each,1
want,1
forward,1
extend,1
gratitude,1
Today,1
ambulance,1
drivers,1
working,1
save,1
someone's,1
reaching,1
Let,1
section,1
whom,1
